번호,관측일자,기온(℃),기압(hPa),풍향(16points),풍속(m/s),유향,유속
1,2023/08/31 23:00,23.22,1010.28,북북서,2.27,,,,,,,,,,,,,,,,
2,2023/08/31 22:00,23.42,1010.34,북북서,2.17,,,,,,,,,,,,,,,,
3,2023/08/31 21:00,23.73,1010.1,북북서,4.46,,,,,,,,,,,,,,,,
4,2023/08/31 20:00,23.93,1009.68,북북서,4.7,,,,,,,,,,,,,,,,
5,2023/08/31 19:00,24.42,1009.49,북북서,3.8,,,,,,,,,,,,,,,,
6,2023/08/31 18:00,25.62,1009.12,북북서,3.46,,,,,,,,,,,,,,,,
7,2023/08/31 17:00,26.37,1009.28,북서,3.25,,,,,,,,,,,,,,,,
8,2023/08/31 16:00,26.38,1009.04,서북서,3.37,,,,,,,,,,,,,,,,
9,2023/08/31 15:00,26.29,1009.15,서북서,3.53,,,,,,,,,,,,,,,,
10,2023/08/31 14:00,26.3,1009.53,서북서,3.62,,,,,,,,,,,,,,,,
11,2023/08/31 13:00,26.44,1010,북서,3,,,,,,,,,,,,,,,,
12,2023/08/31 12:00,26.08,1010.49,북서,2.35,,,,,,,,,,,,,,,,
13,2023/08/31 11:00,25.88,1010.76,동북동,1.43,,,,,,,,,,,,,,,,
14,2023/08/31 10:00,25.11,1010.71,북서,1.9,,,,,,,,,,,,,,,,
15,2023/08/31 09:00,24.33,1010.58,북동,0.96,,,,,,,,,,,,,,,,
16,2023/08/31 08:00,23.4,1010.35,동북동,1.12,,,,,,,,,,,,,,,,
17,2023/08/31 07:00,22.67,1010.2,북동,0.75,,,,,,,,,,,,,,,,
18,2023/08/31 06:00,22.32,1009.66,북북서,0.95,,,,,,,,,,,,,,,,
19,2023/08/31 05:00,22.15,1009.47,북동,0.99,,,,,,,,,,,,,,,,
20,2023/08/31 04:00,22.16,1009.51,북북동,1.14,,,,,,,,,,,,,,,,
21,2023/08/31 03:00,21.91,1009.69,북북동,0.62,,,,,,,,,,,,,,,,
22,2023/08/31 02:00,21.81,1009.44,북동,0.91,,,,,,,,,,,,,,,,
23,2023/08/31 01:00,21.8,1010.05,북북동,0.9,,,,,,,,,,,,,,,,
24,2023/08/31 00:00,21.92,1010.19,북북서,1,,,,,,,,,,,,,,,,
25,2023/08/30 23:00,21.93,1010.22,북서,1.02,,,,,,,,,,,,,,,,
26,2023/08/30 22:00,21.72,1010.04,북,0.55,,,,,,,,,,,,,,,,
27,2023/08/30 21:00,21.53,1009.68,북동,0.74,,,,,,,,,,,,,,,,
28,2023/08/30 20:00,21.58,1009.31,동,1.53,,,,,,,,,,,,,,,,
29,2023/08/30 19:00,21.35,1009.15,동,1.67,,,,,,,,,,,,,,,,
30,2023/08/30 18:00,21.78,1009.19,동,2.01,,,,,,,,,,,,,,,,
31,2023/08/30 17:00,22.92,1009.03,북북서,1.38,,,,,,,,,,,,,,,,
32,2023/08/30 16:00,23.99,1008.91,북북서,2.03,,,,,,,,,,,,,,,,
33,2023/08/30 15:00,24.02,1008.6,북서,2.77,,,,,,,,,,,,,,,,
34,2023/08/30 14:00,24.45,1008.67,북서,2.06,,,,,,,,,,,,,,,,
35,2023/08/30 13:00,24.27,1008.71,북서,1.44,,,,,,,,,,,,,,,,
36,2023/08/30 12:00,23.32,1009.05,북서,2.39,,,,,,,,,,,,,,,,
37,2023/08/30 11:00,23.36,1009.82,북북서,1.68,,,,,,,,,,,,,,,,
38,2023/08/30 10:00,22.81,1009.68,북북서,2.01,,,,,,,,,,,,,,,,
39,2023/08/30 09:00,22.54,1009.16,북서,2.43,,,,,,,,,,,,,,,,
40,2023/08/30 08:00,22.72,1009.05,북서,1.87,,,,,,,,,,,,,,,,
41,2023/08/30 07:00,22.88,1008.79,북서,1.39,,,,,,,,,,,,,,,,
42,2023/08/30 06:00,23.15,1008.45,북북동,1.19,,,,,,,,,,,,,,,,
43,2023/08/30 05:00,23.51,1008.28,북북서,0.8,,,,,,,,,,,,,,,,
44,2023/08/30 04:00,23.7,1008.27,북북서,0.97,,,,,,,,,,,,,,,,
45,2023/08/30 03:00,24.15,1008.11,북북서,1.53,,,,,,,,,,,,,,,,
46,2023/08/30 02:00,24.09,1008.39,북북서,1.1,,,,,,,,,,,,,,,,
47,2023/08/30 01:00,24.15,1008.6,북서,1.58,,,,,,,,,,,,,,,,
48,2023/08/30 00:00,24.07,1008.81,북서,1.4,,,,,,,,,,,,,,,,
49,2023/08/29 23:00,24.47,1008.7,북서,1.15,,,,,,,,,,,,,,,,
50,2023/08/29 22:00,24.72,1008.48,북서,1.43,,,,,,,,,,,,,,,,
51,2023/08/29 21:00,24.8,1008.23,북서,1.48,,,,,,,,,,,,,,,,
52,2023/08/29 20:00,24.84,1007.69,북북서,1.39,,,,,,,,,,,,,,,,
53,2023/08/29 19:00,25.15,1006.81,북북서,2.17,,,,,,,,,,,,,,,,
54,2023/08/29 18:00,25.45,1006.44,북북서,1.63,,,,,,,,,,,,,,,,
55,2023/08/29 17:00,26.07,1005.9,북서,3.54,,,,,,,,,,,,,,,,
56,2023/08/29 16:00,27.63,1005.42,서,3.61,,,,,,,,,,,,,,,,
57,2023/08/29 15:00,27.69,1005.32,서,2.96,,,,,,,,,,,,,,,,
58,2023/08/29 14:00,27.43,1005.35,서,1.66,,,,,,,,,,,,,,,,
59,2023/08/29 13:00,26.66,1005.49,남,1,,,,,,,,,,,,,,,,
60,2023/08/29 12:00,26.22,1005.28,남서,1.95,,,,,,,,,,,,,,,,
61,2023/08/29 11:00,27.39,1005.17,서,3.91,,,,,,,,,,,,,,,,
62,2023/08/29 10:00,27.82,1005.25,남남동,2.44,,,,,,,,,,,,,,,,
63,2023/08/29 09:00,27.19,1004.91,남동,3.01,,,,,,,,,,,,,,,,
64,2023/08/29 08:00,26.79,1004.76,남남동,1.68,,,,,,,,,,,,,,,,
65,2023/08/29 07:00,27.08,1004.56,남동,2.96,,,,,,,,,,,,,,,,
66,2023/08/29 06:00,27.3,1004.1,남동,4.28,,,,,,,,,,,,,,,,
67,2023/08/29 05:00,27.06,1004.17,남남동,3.43,,,,,,,,,,,,,,,,
68,2023/08/29 04:00,26.84,1004.19,남동,4.49,,,,,,,,,,,,,,,,
69,2023/08/29 03:00,26.4,1004.39,남동,3.22,,,,,,,,,,,,,,,,
70,2023/08/29 02:00,26.86,1004.46,남동,4.1,,,,,,,,,,,,,,,,
71,2023/08/29 01:00,27.34,1004.67,남동,5.17,,,,,,,,,,,,,,,,
72,2023/08/29 00:00,26.9,1005.17,남동,4.82,,,,,,,,,,,,,,,,
73,2023/08/28 23:00,26.66,1005.16,남동,4.93,,,,,,,,,,,,,,,,
74,2023/08/28 22:00,26.94,1005.03,남동,5.86,,,,,,,,,,,,,,,,
75,2023/08/28 21:00,27.24,1004.75,남동,4.7,,,,,,,,,,,,,,,,
76,2023/08/28 20:00,27.84,1004.27,남동,5.3,,,,,,,,,,,,,,,,
77,2023/08/28 19:00,27.97,1004.28,동남동,5.65,,,,,,,,,,,,,,,,
78,2023/08/28 18:00,28.83,1003.87,남동,6.03,,,,,,,,,,,,,,,,
79,2023/08/28 17:00,29.23,1003.39,동남동,7.21,,,,,,,,,,,,,,,,
80,2023/08/28 16:00,29.56,1003.57,동남동,7.26,,,,,,,,,,,,,,,,
81,2023/08/28 15:00,29.62,1003.77,동남동,7.49,,,,,,,,,,,,,,,,
82,2023/08/28 14:00,29.6,1004.02,남동,7.85,,,,,,,,,,,,,,,,
83,2023/08/28 13:00,29.23,1004.52,동남동,7.38,,,,,,,,,,,,,,,,
84,2023/08/28 12:00,28.91,1004.8,동남동,7.43,,,,,,,,,,,,,,,,
85,2023/08/28 11:00,28.37,1005.3,동남동,6.77,,,,,,,,,,,,,,,,
86,2023/08/28 10:00,27.78,1006.11,동남동,5.63,,,,,,,,,,,,,,,,
87,2023/08/28 09:00,26.72,1005.95,동,4.96,,,,,,,,,,,,,,,,
88,2023/08/28 08:00,25.76,1005.65,동남동,3.44,,,,,,,,,,,,,,,,
89,2023/08/28 07:00,26.71,1005.39,동남동,3.9,,,,,,,,,,,,,,,,
90,2023/08/28 06:00,26.92,1005.22,동,3.42,,,,,,,,,,,,,,,,
91,2023/08/28 05:00,26.8,1005.21,동,3.4,,,,,,,,,,,,,,,,
92,2023/08/28 04:00,26.73,1005.23,동,4.19,,,,,,,,,,,,,,,,
93,2023/08/28 03:00,26.96,1005.7,동,3.26,,,,,,,,,,,,,,,,
94,2023/08/28 02:00,26.83,1006.05,동남동,2.37,,,,,,,,,,,,,,,,
95,2023/08/28 01:00,26.95,1006.22,동남동,2.87,,,,,,,,,,,,,,,,
96,2023/08/28 00:00,26.74,1006.53,동남동,1.52,,,,,,,,,,,,,,,,
97,2023/08/27 23:00,26.66,1006.76,남동,0.29,,,,,,,,,,,,,,,,
98,2023/08/27 22:00,26.92,1006.98,남,0.45,,,,,,,,,,,,,,,,
99,2023/08/27 21:00,27.76,1007.22,북북동,0.62,,,,,,,,,,,,,,,,
100,2023/08/27 20:00,28.15,1007,북북서,1.07,,,,,,,,,,,,,,,,
101,2023/08/27 19:00,28.4,1006.45,북서,1.27,,,,,,,,,,,,,,,,
102,2023/08/27 18:00,28.9,1006.17,서북서,2.55,,,,,,,,,,,,,,,,
103,2023/08/27 17:00,29.58,1006.04,서북서,2.66,,,,,,,,,,,,,,,,
104,2023/08/27 16:00,29.78,1005.85,북서,2.5,,,,,,,,,,,,,,,,
105,2023/08/27 15:00,30.07,1005.9,서북서,2.67,,,,,,,,,,,,,,,,
106,2023/08/27 14:00,30.26,1006.33,서,0.92,,,,,,,,,,,,,,,,
107,2023/08/27 13:00,30.04,1006.77,북,0.23,,,,,,,,,,,,,,,,
108,2023/08/27 12:00,29.15,1007.4,동남동,1.27,,,,,,,,,,,,,,,,
109,2023/08/27 11:00,28.16,1007.93,동남동,2.08,,,,,,,,,,,,,,,,
110,2023/08/27 10:00,26.41,1008.28,동남동,2.42,,,,,,,,,,,,,,,,
111,2023/08/27 09:00,25.3,1008.32,동남동,2.54,,,,,,,,,,,,,,,,
112,2023/08/27 08:00,25.11,1008.37,동남동,1.4,,,,,,,,,,,,,,,,
113,2023/08/27 07:00,24.35,1008.13,동,1.43,,,,,,,,,,,,,,,,
114,2023/08/27 06:00,24.25,1008.02,동,1.35,,,,,,,,,,,,,,,,
115,2023/08/27 05:00,24.26,1008.05,동북동,0.76,,,,,,,,,,,,,,,,
116,2023/08/27 04:00,24.37,1007.83,북동,0.56,,,,,,,,,,,,,,,,
117,2023/08/27 03:00,24.77,1007.8,동북동,0.52,,,,,,,,,,,,,,,,
118,2023/08/27 02:00,24.93,1007.96,북동,0.25,,,,,,,,,,,,,,,,
119,2023/08/27 01:00,25.08,1008.35,북동,0.29,,,,,,,,,,,,,,,,
120,2023/08/27 00:00,25.18,1008.64,북서,0.26,,,,,,,,,,,,,,,,
121,2023/08/26 23:00,25.65,1009.08,북,0.48,,,,,,,,,,,,,,,,
122,2023/08/26 22:00,26.03,1009.07,북북동,0.77,,,,,,,,,,,,,,,,
123,2023/08/26 21:00,26.28,1008.94,북동,1.46,,,,,,,,,,,,,,,,
124,2023/08/26 20:00,26.41,1008.38,북북서,3.54,,,,,,,,,,,,,,,,
125,2023/08/26 19:00,26.8,1007.85,북북서,3.51,,,,,,,,,,,,,,,,
126,2023/08/26 18:00,27.77,1007.52,북북서,2.66,,,,,,,,,,,,,,,,
127,2023/08/26 17:00,28.96,1007.37,북북서,2.88,,,,,,,,,,,,,,,,
128,2023/08/26 16:00,29.43,1007.28,서북서,4,,,,,,,,,,,,,,,,
129,2023/08/26 15:00,29.04,1007.76,서북서,4.49,,,,,,,,,,,,,,,,
130,2023/08/26 14:00,28.35,1008.01,서북서,4.04,,,,,,,,,,,,,,,,
131,2023/08/26 13:00,27.92,1008.41,서,3.48,,,,,,,,,,,,,,,,
132,2023/08/26 12:00,27.85,1008.79,동남동,1.34,,,,,,,,,,,,,,,,
133,2023/08/26 11:00,26.4,1009.15,동남동,4.34,,,,,,,,,,,,,,,,
134,2023/08/26 10:00,24.35,1009.62,동남동,3.71,,,,,,,,,,,,,,,,
135,2023/08/26 09:00,23.06,1009.51,동남동,4.3,,,,,,,,,,,,,,,,
136,2023/08/26 08:00,23.71,1009.51,동,3.39,,,,,,,,,,,,,,,,
137,2023/08/26 07:00,24.37,1009.85,동,1.59,,,,,,,,,,,,,,,,
138,2023/08/26 06:00,23.92,1009.7,북,0.62,,,,,,,,,,,,,,,,
139,2023/08/26 05:00,24.45,1009.61,북북서,1.2,,,,,,,,,,,,,,,,
140,2023/08/26 04:00,24.41,1009.56,북북동,0.6,,,,,,,,,,,,,,,,
141,2023/08/26 03:00,24.66,1009.6,북동,0.44,,,,,,,,,,,,,,,,
142,2023/08/26 02:00,24.83,1009.58,북동,0.24,,,,,,,,,,,,,,,,
143,2023/08/26 01:00,25.13,1009.63,북서,0.83,,,,,,,,,,,,,,,,
144,2023/08/26 00:00,25.4,1009.9,북서,1.4,,,,,,,,,,,,,,,,
145,2023/08/25 23:00,25.79,1009.84,북북서,0.64,,,,,,,,,,,,,,,,
146,2023/08/25 22:00,26.09,1009.64,북서,0.67,,,,,,,,,,,,,,,,
147,2023/08/25 21:00,26.12,1009.3,북북서,0.5,,,,,,,,,,,,,,,,
148,2023/08/25 20:00,26.47,1008.74,서북서,0.54,,,,,,,,,,,,,,,,
149,2023/08/25 19:00,27.32,1008.39,서북서,2.85,,,,,,,,,,,,,,,,
150,2023/08/25 18:00,28.2,1008.06,서북서,4.44,,,,,,,,,,,,,,,,
151,2023/08/25 17:00,28.76,1007.73,서북서,4.81,,,,,,,,,,,,,,,,
152,2023/08/25 16:00,28.94,1007.63,서북서,4.42,,,,,,,,,,,,,,,,
153,2023/08/25 15:00,28.82,1007.83,서북서,4.47,,,,,,,,,,,,,,,,
154,2023/08/25 14:00,28.2,1008.09,서,4.56,,,,,,,,,,,,,,,,
155,2023/08/25 13:00,27.82,1008.64,서,4.9,,,,,,,,,,,,,,,,
156,2023/08/25 12:00,27.76,1009.04,서,3.96,,,,,,,,,,,,,,,,
157,2023/08/25 11:00,27.32,1009.27,서,3.1,,,,,,,,,,,,,,,,
158,2023/08/25 10:00,26.66,1009.44,서,3.04,,,,,,,,,,,,,,,,
159,2023/08/25 09:00,26.47,1009.24,서,3.33,,,,,,,,,,,,,,,,
160,2023/08/25 08:00,25.9,1008.99,서,1.83,,,,,,,,,,,,,,,,
161,2023/08/25 07:00,25.31,1008.53,서남서,1.9,,,,,,,,,,,,,,,,
162,2023/08/25 06:00,24.62,1007.89,북,0.26,,,,,,,,,,,,,,,,
163,2023/08/25 05:00,24.66,1007.44,북,0.17,,,,,,,,,,,,,,,,
164,2023/08/25 04:00,24.91,1007.3,북,0.16,,,,,,,,,,,,,,,,
165,2023/08/25 03:00,25.35,1007.38,서남서,0.71,,,,,,,,,,,,,,,,
166,2023/08/25 02:00,25.78,1007.61,서남서,2.24,,,,,,,,,,,,,,,,
167,2023/08/25 01:00,25.64,1007.63,서남서,2.14,,,,,,,,,,,,,,,,
168,2023/08/25 00:00,25.85,1007.97,서남서,2.24,,,,,,,,,,,,,,,,
169,2023/08/24 23:00,26.05,1007.82,서,3.61,,,,,,,,,,,,,,,,
170,2023/08/24 22:00,25.86,1007.41,서북서,3.18,,,,,,,,,,,,,,,,
171,2023/08/24 21:00,26.09,1007.07,서,4.42,,,,,,,,,,,,,,,,
172,2023/08/24 20:00,26.28,1006.82,서,3.89,,,,,,,,,,,,,,,,
173,2023/08/24 19:00,26.7,1006.09,서북서,4.84,,,,,,,,,,,,,,,,
174,2023/08/24 18:00,27.36,1005.62,서북서,4.74,,,,,,,,,,,,,,,,
175,2023/08/24 17:00,26.92,1005.39,서북서,4.07,,,,,,,,,,,,,,,,
176,2023/08/24 16:00,26.82,1005.3,서북서,4.46,,,,,,,,,,,,,,,,
177,2023/08/24 15:00,26.98,1005.26,서북서,3.77,,,,,,,,,,,,,,,,
178,2023/08/24 14:00,26.68,1005.53,서북서,3.72,,,,,,,,,,,,,,,,
179,2023/08/24 13:00,26.86,1005.65,서북서,3.28,,,,,,,,,,,,,,,,
180,2023/08/24 12:00,26.56,1005.86,서,2.44,,,,,,,,,,,,,,,,
181,2023/08/24 11:00,25.94,1006.06,서,2.51,,,,,,,,,,,,,,,,
182,2023/08/24 10:00,25.68,1006.29,서북서,2.3,,,,,,,,,,,,,,,,
183,2023/08/24 09:00,25.41,1006.2,서북서,1.98,,,,,,,,,,,,,,,,
184,2023/08/24 08:00,25.1,1005.86,서북서,1.83,,,,,,,,,,,,,,,,
185,2023/08/24 07:00,24.87,1005.56,서북서,1.26,,,,,,,,,,,,,,,,
186,2023/08/24 06:00,24.74,1005.2,북서,0.73,,,,,,,,,,,,,,,,
187,2023/08/24 05:00,24.75,1005.03,서북서,0.69,,,,,,,,,,,,,,,,
188,2023/08/24 04:00,24.57,1004.74,북서,0.89,,,,,,,,,,,,,,,,
189,2023/08/24 03:00,24.58,1004.74,서북서,1.47,,,,,,,,,,,,,,,,
190,2023/08/24 02:00,24.64,1004.99,북,0.33,,,,,,,,,,,,,,,,
191,2023/08/24 01:00,24.74,1005.32,동북동,0.36,,,,,,,,,,,,,,,,
192,2023/08/24 00:00,24.66,1005.38,북동,0.53,,,,,,,,,,,,,,,,
193,2023/08/23 23:00,24.45,1005.22,동북동,0.51,,,,,,,,,,,,,,,,
194,2023/08/23 22:00,24.5,1005.02,동북동,0.29,,,,,,,,,,,,,,,,
195,2023/08/23 21:00,24.56,1004.62,동,0.83,,,,,,,,,,,,,,,,
196,2023/08/23 20:00,24.51,1004.1,동,2.76,,,,,,,,,,,,,,,,
197,2023/08/23 19:00,24.4,1003.96,동,1.77,,,,,,,,,,,,,,,,
198,2023/08/23 18:00,23.91,1003.64,동,1.68,,,,,,,,,,,,,,,,
199,2023/08/23 17:00,23.59,1003.38,남남동,1.37,,,,,,,,,,,,,,,,
200,2023/08/23 16:00,23.95,1003.4,동남동,3.35,,,,,,,,,,,,,,,,
201,2023/08/23 15:00,23.49,1003.68,서북서,3.55,,,,,,,,,,,,,,,,
202,2023/08/23 14:00,25.53,1003.38,서북서,5.03,,,,,,,,,,,,,,,,
203,2023/08/23 13:00,28.09,1004.12,남남동,4.23,,,,,,,,,,,,,,,,
204,2023/08/23 12:00,27.73,1004.25,남남동,3.11,,,,,,,,,,,,,,,,
205,2023/08/23 11:00,26.98,1004.66,남남동,3.85,,,,,,,,,,,,,,,,
206,2023/08/23 10:00,26.08,1004.33,남남동,3.68,,,,,,,,,,,,,,,,
207,2023/08/23 09:00,25.7,1004.08,남동,4.27,,,,,,,,,,,,,,,,
208,2023/08/23 08:00,25.52,1004.25,남동,4.56,,,,,,,,,,,,,,,,
209,2023/08/23 07:00,25.3,1004.56,동남동,2.79,,,,,,,,,,,,,,,,
210,2023/08/23 06:00,25.66,1004.47,남동,3.63,,,,,,,,,,,,,,,,
211,2023/08/23 05:00,25.55,1004.12,남동,3.21,,,,,,,,,,,,,,,,
212,2023/08/23 04:00,25.46,1003.91,남동,2.2,,,,,,,,,,,,,,,,
213,2023/08/23 03:00,25.41,1004.03,남,1.55,,,,,,,,,,,,,,,,
214,2023/08/23 02:00,25.31,1004.38,남남동,2.07,,,,,,,,,,,,,,,,
215,2023/08/23 01:00,25.22,1004.67,서,1.82,,,,,,,,,,,,,,,,
216,2023/08/23 00:00,25.7,1004.93,서,1.87,,,,,,,,,,,,,,,,
217,2023/08/22 23:00,25.96,1005.12,남서,2.16,,,,,,,,,,,,,,,,
218,2023/08/22 22:00,27.11,1004.94,남남동,2.24,,,,,,,,,,,,,,,,
219,2023/08/22 21:00,27.53,1004.53,동남동,2.08,,,,,,,,,,,,,,,,
220,2023/08/22 20:00,27.44,1003.77,동남동,2.37,,,,,,,,,,,,,,,,
221,2023/08/22 19:00,27.42,1003.43,동남동,3.27,,,,,,,,,,,,,,,,
222,2023/08/22 18:00,27.31,1003.01,동남동,1.89,,,,,,,,,,,,,,,,
223,2023/08/22 17:00,28.14,1003.37,남,2.75,,,,,,,,,,,,,,,,
224,2023/08/22 16:00,29.27,1003.19,남,3.63,,,,,,,,,,,,,,,,
225,2023/08/22 15:00,29.73,1003.37,남,3.82,,,,,,,,,,,,,,,,
226,2023/08/22 14:00,30.32,1003.68,남,5.65,,,,,,,,,,,,,,,,
227,2023/08/22 13:00,30.46,1003.93,남,5.75,,,,,,,,,,,,,,,,
228,2023/08/22 12:00,30.3,1004.37,남,5.32,,,,,,,,,,,,,,,,
229,2023/08/22 11:00,29.79,1004.83,남,5.62,,,,,,,,,,,,,,,,
230,2023/08/22 10:00,29.31,1004.8,남남동,5.41,,,,,,,,,,,,,,,,
231,2023/08/22 09:00,28.42,1004.92,남남동,4.15,,,,,,,,,,,,,,,,
232,2023/08/22 08:00,27.06,1005.17,남동,3.01,,,,,,,,,,,,,,,,
233,2023/08/22 07:00,26.93,1005.28,남남동,3.83,,,,,,,,,,,,,,,,
234,2023/08/22 06:00,27.67,1005.04,남동,4.31,,,,,,,,,,,,,,,,
235,2023/08/22 05:00,27.64,1004.77,남동,4.55,,,,,,,,,,,,,,,,
236,2023/08/22 04:00,27.56,1005.03,남동,3.87,,,,,,,,,,,,,,,,
237,2023/08/22 03:00,27.73,1005.34,남동,4.46,,,,,,,,,,,,,,,,
238,2023/08/22 02:00,27.7,1005.76,남동,4.69,,,,,,,,,,,,,,,,
239,2023/08/22 01:00,27.7,1006.22,남동,3.97,,,,,,,,,,,,,,,,
240,2023/08/22 00:00,28,1006.49,남동,3.92,,,,,,,,,,,,,,,,
241,2023/08/21 23:00,28.17,1006.68,남동,3.74,,,,,,,,,,,,,,,,
242,2023/08/21 22:00,28.35,1006.83,남동,4.06,,,,,,,,,,,,,,,,
243,2023/08/21 21:00,28.53,1006.65,동남동,4.97,,,,,,,,,,,,,,,,
244,2023/08/21 20:00,28.7,1006.16,동남동,5.35,,,,,,,,,,,,,,,,
245,2023/08/21 19:00,29.29,1005.86,동남동,5.14,,,,,,,,,,,,,,,,
246,2023/08/21 18:00,30.12,1005.82,남동,5.34,,,,,,,,,,,,,,,,
247,2023/08/21 17:00,30.64,1006.16,남동,4.5,,,,,,,,,,,,,,,,
248,2023/08/21 16:00,31.33,1006.5,남,4.01,,,,,,,,,,,,,,,,
249,2023/08/21 15:00,31.18,1006.96,남,4.08,,,,,,,,,,,,,,,,
250,2023/08/21 14:00,31.27,1007.38,남,4.18,,,,,,,,,,,,,,,,
251,2023/08/21 13:00,30.95,1007.64,남,4.77,,,,,,,,,,,,,,,,
252,2023/08/21 12:00,30.83,1007.98,남남동,4.6,,,,,,,,,,,,,,,,
253,2023/08/21 11:00,30.43,1008.04,남남동,4.55,,,,,,,,,,,,,,,,
254,2023/08/21 10:00,29.75,1008.1,남남동,4.19,,,,,,,,,,,,,,,,
255,2023/08/21 09:00,28.69,1008.35,남동,5.27,,,,,,,,,,,,,,,,
256,2023/08/21 08:00,28.15,1008.56,동남동,4.77,,,,,,,,,,,,,,,,
257,2023/08/21 07:00,27.53,1008.89,동남동,3.33,,,,,,,,,,,,,,,,
258,2023/08/21 06:00,26.43,1008.72,동,2.55,,,,,,,,,,,,,,,,
259,2023/08/21 05:00,26.4,1008.93,동,2.73,,,,,,,,,,,,,,,,
260,2023/08/21 04:00,26.53,1009.46,동,2.13,,,,,,,,,,,,,,,,
261,2023/08/21 03:00,26.54,1009.98,동남동,1.69,,,,,,,,,,,,,,,,
262,2023/08/21 02:00,26.73,1010.18,남동,0.99,,,,,,,,,,,,,,,,
263,2023/08/21 01:00,26.93,1010.21,동남동,1.16,,,,,,,,,,,,,,,,
264,2023/08/21 00:00,26.57,1010.48,남남동,0.38,,,,,,,,,,,,,,,,
265,2023/08/20 23:00,26.64,1010.79,북,0.17,,,,,,,,,,,,,,,,
266,2023/08/20 22:00,27.15,1010.87,서,0.25,,,,,,,,,,,,,,,,
267,2023/08/20 21:00,27.44,1010.78,북,0.23,,,,,,,,,,,,,,,,
268,2023/08/20 20:00,28.38,1010.52,북서,1.31,,,,,,,,,,,,,,,,
269,2023/08/20 19:00,28.77,1010.15,서북서,2.04,,,,,,,,,,,,,,,,
270,2023/08/20 18:00,29.66,1010.1,서북서,3.11,,,,,,,,,,,,,,,,
271,2023/08/20 17:00,30.59,1010.12,서북서,3.62,,,,,,,,,,,,,,,,
272,2023/08/20 16:00,30.8,1010.1,서북서,4.09,,,,,,,,,,,,,,,,
273,2023/08/20 15:00,30.88,1010.36,서북서,4.13,,,,,,,,,,,,,,,,
274,2023/08/20 14:00,30.89,1010.8,서북서,4.41,,,,,,,,,,,,,,,,
275,2023/08/20 13:00,30.43,1011.23,서북서,4.09,,,,,,,,,,,,,,,,
276,2023/08/20 12:00,29.8,1011.34,서북서,3.61,,,,,,,,,,,,,,,,
277,2023/08/20 11:00,29.44,1011.46,서북서,2.85,,,,,,,,,,,,,,,,
278,2023/08/20 10:00,28.87,1011.56,서,1.05,,,,,,,,,,,,,,,,
279,2023/08/20 09:00,28.02,1011.72,동남동,0.52,,,,,,,,,,,,,,,,
280,2023/08/20 08:00,26.81,1011.68,동남동,0.91,,,,,,,,,,,,,,,,
281,2023/08/20 07:00,26.05,1011.48,남,0.4,,,,,,,,,,,,,,,,
282,2023/08/20 06:00,25.3,1011.21,북,0.13,,,,,,,,,,,,,,,,
283,2023/08/20 05:00,25.29,1010.97,동남동,0.58,,,,,,,,,,,,,,,,
284,2023/08/20 04:00,25.33,1010.99,남남동,0.62,,,,,,,,,,,,,,,,
285,2023/08/20 03:00,25.57,1010.89,서,0.89,,,,,,,,,,,,,,,,
286,2023/08/20 02:00,25.8,1010.9,서,1.13,,,,,,,,,,,,,,,,
287,2023/08/20 01:00,26.36,1011.17,서북서,1.23,,,,,,,,,,,,,,,,
288,2023/08/20 00:00,26.44,1011.24,서북서,1.4,,,,,,,,,,,,,,,,
289,2023/08/19 23:00,26.47,1011.19,서북서,1.08,,,,,,,,,,,,,,,,
290,2023/08/19 22:00,26.65,1010.86,서북서,1.48,,,,,,,,,,,,,,,,
291,2023/08/19 21:00,27.23,1010.45,서북서,1.76,,,,,,,,,,,,,,,,
292,2023/08/19 20:00,27.81,1009.87,서북서,1.4,,,,,,,,,,,,,,,,
293,2023/08/19 19:00,29.04,1009.27,북서,2.51,,,,,,,,,,,,,,,,
294,2023/08/19 18:00,29.7,1008.86,서북서,2.95,,,,,,,,,,,,,,,,
295,2023/08/19 17:00,29.69,1008.96,서북서,4.34,,,,,,,,,,,,,,,,
296,2023/08/19 16:00,29.59,1009.02,서북서,4.16,,,,,,,,,,,,,,,,
297,2023/08/19 15:00,29.9,1008.92,서북서,4.77,,,,,,,,,,,,,,,,
298,2023/08/19 14:00,29.31,1009.29,서북서,4.66,,,,,,,,,,,,,,,,
299,2023/08/19 13:00,28.88,1009.54,서,5,,,,,,,,,,,,,,,,
300,2023/08/19 12:00,28.53,1009.7,서,4.71,,,,,,,,,,,,,,,,
301,2023/08/19 11:00,28.32,1009.9,서,4.25,,,,,,,,,,,,,,,,
302,2023/08/19 10:00,28.49,1009.89,서북서,3.36,,,,,,,,,,,,,,,,
303,2023/08/19 09:00,28.15,1009.81,서북서,1.93,,,,,,,,,,,,,,,,
304,2023/08/19 08:00,27.23,1009.41,동,1.31,,,,,,,,,,,,,,,,
305,2023/08/19 07:00,26.27,1008.86,동남동,1.72,,,,,,,,,,,,,,,,
306,2023/08/19 06:00,26.03,1008.73,북서,0.9,,,,,,,,,,,,,,,,
307,2023/08/19 05:00,26.38,1008.46,북서,0.62,,,,,,,,,,,,,,,,
308,2023/08/19 04:00,26.68,1008.31,동,1.24,,,,,,,,,,,,,,,,
309,2023/08/19 03:00,26.99,1008.22,북,0.36,,,,,,,,,,,,,,,,
310,2023/08/19 02:00,26.83,1008.07,서북서,0.78,,,,,,,,,,,,,,,,
311,2023/08/19 01:00,27.24,1008.21,북동,0.64,,,,,,,,,,,,,,,,
312,2023/08/19 00:00,27.46,1008.26,북동,0.92,,,,,,,,,,,,,,,,
313,2023/08/18 23:00,27.53,1008,동남동,1.39,,,,,,,,,,,,,,,,
314,2023/08/18 22:00,28.06,1007.58,북서,1.2,,,,,,,,,,,,,,,,
315,2023/08/18 21:00,28.23,1007.23,북서,1.02,,,,,,,,,,,,,,,,
316,2023/08/18 20:00,27.24,1006.68,북서,1.95,,,,,,,,,,,,,,,,
317,2023/08/18 19:00,27.42,1006.03,서북서,2.68,,,,,,,,,,,,,,,,
318,2023/08/18 18:00,28.2,1005.76,서,2.61,,,,,,,,,,,,,,,,
319,2023/08/18 17:00,28.71,1005.55,서북서,3.43,,,,,,,,,,,,,,,,
320,2023/08/18 16:00,29.6,1005.31,서북서,4.45,,,,,,,,,,,,,,,,
321,2023/08/18 15:00,30.17,1005.28,서북서,4.84,,,,,,,,,,,,,,,,
322,2023/08/18 14:00,29.57,1005.45,서북서,4.84,,,,,,,,,,,,,,,,
323,2023/08/18 13:00,28.9,1005.65,서,5.16,,,,,,,,,,,,,,,,
324,2023/08/18 12:00,28.56,1005.94,서,4.88,,,,,,,,,,,,,,,,
325,2023/08/18 11:00,29.33,1006.49,동남동,0.8,,,,,,,,,,,,,,,,
326,2023/08/18 10:00,28.27,1006.37,동남동,1.88,,,,,,,,,,,,,,,,
327,2023/08/18 09:00,28.67,1006.29,북동,1.21,,,,,,,,,,,,,,,,
328,2023/08/18 08:00,26.93,1006.28,동남동,1.12,,,,,,,,,,,,,,,,
329,2023/08/18 07:00,26.36,1006.1,동,1.11,,,,,,,,,,,,,,,,
330,2023/08/18 06:00,25.83,1005.67,북,0.41,,,,,,,,,,,,,,,,
331,2023/08/18 05:00,26.05,1005.49,동,1.88,,,,,,,,,,,,,,,,
332,2023/08/18 04:00,26.11,1005.71,동,0.72,,,,,,,,,,,,,,,,
333,2023/08/18 03:00,25.75,1005.7,서북서,0.69,,,,,,,,,,,,,,,,
334,2023/08/18 02:00,26.19,1005.68,서,0.82,,,,,,,,,,,,,,,,
335,2023/08/18 01:00,26.24,1005.85,서북서,1.02,,,,,,,,,,,,,,,,
336,2023/08/18 00:00,26.36,1006.26,서,0.64,,,,,,,,,,,,,,,,
337,2023/08/17 23:00,26.3,1006.1,서남서,0.74,,,,,,,,,,,,,,,,
338,2023/08/17 22:00,26.72,1005.83,서북서,1.47,,,,,,,,,,,,,,,,
339,2023/08/17 21:00,26.86,1005.64,서북서,1.85,,,,,,,,,,,,,,,,
340,2023/08/17 20:00,27.31,1004.91,서,1.97,,,,,,,,,,,,,,,,
341,2023/08/17 19:00,28.3,1004.1,서북서,1.82,,,,,,,,,,,,,,,,
342,2023/08/17 18:00,29.11,1003.59,서북서,2.4,,,,,,,,,,,,,,,,
343,2023/08/17 17:00,29.64,1003.4,북서,3.3,,,,,,,,,,,,,,,,
344,2023/08/17 16:00,29.99,1003.29,서북서,3.63,,,,,,,,,,,,,,,,
345,2023/08/17 15:00,29.86,1003.51,서북서,3.97,,,,,,,,,,,,,,,,
346,2023/08/17 14:00,29.33,1004.02,서,4.2,,,,,,,,,,,,,,,,
347,2023/08/17 13:00,29.3,1004.23,서북서,3.96,,,,,,,,,,,,,,,,
348,2023/08/17 12:00,28.7,1004.57,서북서,3.4,,,,,,,,,,,,,,,,
349,2023/08/17 11:00,28.53,1004.99,북,0.52,,,,,,,,,,,,,,,,
350,2023/08/17 10:00,27.62,1005.17,동남동,0.58,,,,,,,,,,,,,,,,
351,2023/08/17 09:00,25.64,1005.02,서,1.2,,,,,,,,,,,,,,,,
352,2023/08/17 08:00,24.61,1004.66,서북서,1.62,,,,,,,,,,,,,,,,
353,2023/08/17 07:00,24.33,1004.24,서북서,0.65,,,,,,,,,,,,,,,,
354,2023/08/17 06:00,24.79,1004.1,북서,0.87,,,,,,,,,,,,,,,,
355,2023/08/17 05:00,24.91,1003.86,동남동,0.82,,,,,,,,,,,,,,,,
356,2023/08/17 04:00,25.02,1003.8,서북서,0.8,,,,,,,,,,,,,,,,
357,2023/08/17 03:00,25.53,1004.15,북서,0.48,,,,,,,,,,,,,,,,
358,2023/08/17 02:00,25.9,1004.3,북서,0.58,,,,,,,,,,,,,,,,
359,2023/08/17 01:00,26.08,1004.4,북북동,0.37,,,,,,,,,,,,,,,,
360,2023/08/17 00:00,26.1,1004.79,서북서,0.62,,,,,,,,,,,,,,,,
361,2023/08/16 23:00,26.28,1004.81,북서,0.88,,,,,,,,,,,,,,,,
362,2023/08/16 22:00,26.23,1004.67,북서,1.32,,,,,,,,,,,,,,,,
363,2023/08/16 21:00,26.48,1004.27,북서,1.89,,,,,,,,,,,,,,,,
364,2023/08/16 20:00,26.87,1003.65,서북서,1.74,,,,,,,,,,,,,,,,
365,2023/08/16 19:00,27.49,1003.22,북서,3.17,,,,,,,,,,,,,,,,
366,2023/08/16 18:00,28.15,1003.07,서북서,4.12,,,,,,,,,,,,,,,,
367,2023/08/16 17:00,28.68,1003.18,서북서,4.15,,,,,,,,,,,,,,,,
368,2023/08/16 16:00,28.92,1003.32,북서,3.96,,,,,,,,,,,,,,,,
369,2023/08/16 15:00,29.36,1003.54,서북서,3.95,,,,,,,,,,,,,,,,
370,2023/08/16 14:00,29.34,1003.62,서북서,5.24,,,,,,,,,,,,,,,,
371,2023/08/16 13:00,29.12,1003.7,서,3.8,,,,,,,,,,,,,,,,
372,2023/08/16 12:00,29,1004.14,서,3.34,,,,,,,,,,,,,,,,
373,2023/08/16 11:00,28.89,1004.57,서북서,1.97,,,,,,,,,,,,,,,,
374,2023/08/16 10:00,28.54,1004.68,동남동,1.58,,,,,,,,,,,,,,,,
375,2023/08/16 09:00,28.37,1004.8,동,1.23,,,,,,,,,,,,,,,,
376,2023/08/16 08:00,27.01,1004.83,동북동,0.91,,,,,,,,,,,,,,,,
377,2023/08/16 07:00,26,1004.45,북서,1.27,,,,,,,,,,,,,,,,
378,2023/08/16 06:00,25.85,1004.09,북서,0.93,,,,,,,,,,,,,,,,
379,2023/08/16 05:00,26,1003.67,북북서,0.54,,,,,,,,,,,,,,,,
380,2023/08/16 04:00,25.76,1003.75,북서,0.93,,,,,,,,,,,,,,,,
381,2023/08/16 03:00,25.98,1003.96,서,1.26,,,,,,,,,,,,,,,,
382,2023/08/16 02:00,26.27,1004.09,북서,1.34,,,,,,,,,,,,,,,,
383,2023/08/16 01:00,26.19,1004.28,북서,1.09,,,,,,,,,,,,,,,,
384,2023/08/16 00:00,26.46,1004.46,북서,1.29,,,,,,,,,,,,,,,,
385,2023/08/15 23:00,26.77,1004.3,서북서,1.98,,,,,,,,,,,,,,,,
386,2023/08/15 22:00,26.9,1004.24,서북서,1.85,,,,,,,,,,,,,,,,
387,2023/08/15 21:00,27.12,1004.01,서북서,2.41,,,,,,,,,,,,,,,,
388,2023/08/15 20:00,27.33,1003.69,북북서,2.64,,,,,,,,,,,,,,,,
389,2023/08/15 19:00,28.06,1003.42,북북서,2.5,,,,,,,,,,,,,,,,
390,2023/08/15 18:00,28.76,1002.8,서북서,4.41,,,,,,,,,,,,,,,,
391,2023/08/15 17:00,29.49,1002.57,서북서,5.68,,,,,,,,,,,,,,,,
392,2023/08/15 16:00,29.28,1002.85,서북서,4.6,,,,,,,,,,,,,,,,
393,2023/08/15 15:00,29.26,1003.15,서북서,4.21,,,,,,,,,,,,,,,,
394,2023/08/15 14:00,28.93,1003.81,서북서,4.13,,,,,,,,,,,,,,,,
395,2023/08/15 13:00,28.6,1004.3,서북서,4.2,,,,,,,,,,,,,,,,
396,2023/08/15 12:00,27.97,1004.49,서,4.65,,,,,,,,,,,,,,,,
397,2023/08/15 11:00,28.06,1004.93,서,3.29,,,,,,,,,,,,,,,,
398,2023/08/15 10:00,27.53,1005.35,서,2.37,,,,,,,,,,,,,,,,
399,2023/08/15 09:00,27.53,1005.62,동남동,1.64,,,,,,,,,,,,,,,,
400,2023/08/15 08:00,26.76,1005.66,동,1.88,,,,,,,,,,,,,,,,
401,2023/08/15 07:00,26.34,1005.33,북,0.63,,,,,,,,,,,,,,,,
402,2023/08/15 06:00,26.12,1004.89,북북서,1.56,,,,,,,,,,,,,,,,
403,2023/08/15 05:00,26.08,1004.58,북서,1.25,,,,,,,,,,,,,,,,
404,2023/08/15 04:00,25.71,1004.43,서북서,1.55,,,,,,,,,,,,,,,,
405,2023/08/15 03:00,25.82,1004.7,북서,0.75,,,,,,,,,,,,,,,,
406,2023/08/15 02:00,26.28,1004.9,서북서,1.73,,,,,,,,,,,,,,,,
407,2023/08/15 01:00,26.3,1005.19,서북서,1.91,,,,,,,,,,,,,,,,
408,2023/08/15 00:00,26.47,1005.48,북서,1.68,,,,,,,,,,,,,,,,
409,2023/08/14 23:00,26.66,1005.59,서,1.62,,,,,,,,,,,,,,,,
410,2023/08/14 22:00,26.85,1005.61,서,1.65,,,,,,,,,,,,,,,,
411,2023/08/14 21:00,27.3,1005.4,서북서,1.64,,,,,,,,,,,,,,,,
412,2023/08/14 20:00,27.35,1005.04,서북서,2.29,,,,,,,,,,,,,,,,
413,2023/08/14 19:00,28.08,1004.38,서북서,3.47,,,,,,,,,,,,,,,,
414,2023/08/14 18:00,28.39,1004,서북서,3.5,,,,,,,,,,,,,,,,
415,2023/08/14 17:00,28.92,1004.02,서북서,4.26,,,,,,,,,,,,,,,,
416,2023/08/14 16:00,29.9,1003.96,서,3.56,,,,,,,,,,,,,,,,
417,2023/08/14 15:00,30.3,1004.17,서북서,3.95,,,,,,,,,,,,,,,,
418,2023/08/14 14:00,30.74,1004.5,서,2.76,,,,,,,,,,,,,,,,
419,2023/08/14 13:00,30.71,1004.98,서북서,2.62,,,,,,,,,,,,,,,,
420,2023/08/14 12:00,30.22,1005.42,동남동,2.64,,,,,,,,,,,,,,,,
421,2023/08/14 11:00,28.99,1005.79,동남동,3.3,,,,,,,,,,,,,,,,
422,2023/08/14 10:00,28.36,1005.95,동남동,2.61,,,,,,,,,,,,,,,,
423,2023/08/14 09:00,27.68,1005.56,동남동,1.98,,,,,,,,,,,,,,,,
424,2023/08/14 08:00,26.8,1005.52,동남동,1.24,,,,,,,,,,,,,,,,
425,2023/08/14 07:00,25.92,1005.64,남동,1.01,,,,,,,,,,,,,,,,
426,2023/08/14 06:00,25.75,1005.42,남남동,0.84,,,,,,,,,,,,,,,,
427,2023/08/14 05:00,25.8,1005.24,남동,0.59,,,,,,,,,,,,,,,,
428,2023/08/14 04:00,26.18,1005.13,남동,1.26,,,,,,,,,,,,,,,,
429,2023/08/14 03:00,26.42,1005.1,남동,1.39,,,,,,,,,,,,,,,,
430,2023/08/14 02:00,26.32,1005.1,남,0.49,,,,,,,,,,,,,,,,
431,2023/08/14 01:00,26.48,1005.04,남남동,0.62,,,,,,,,,,,,,,,,
432,2023/08/14 00:00,26.61,1005.22,남동,0.63,,,,,,,,,,,,,,,,
433,2023/08/13 23:00,26.84,1005.16,남남동,0.82,,,,,,,,,,,,,,,,
434,2023/08/13 22:00,27.52,1004.99,남남동,1.74,,,,,,,,,,,,,,,,
435,2023/08/13 21:00,27.81,1004.64,남동,0.82,,,,,,,,,,,,,,,,
436,2023/08/13 20:00,28.43,1003.88,서,1.95,,,,,,,,,,,,,,,,
437,2023/08/13 19:00,29.36,1003.27,서,2.67,,,,,,,,,,,,,,,,
438,2023/08/13 18:00,30.71,1003.01,서,2.56,,,,,,,,,,,,,,,,
439,2023/08/13 17:00,31.65,1003.12,남,1.35,,,,,,,,,,,,,,,,
440,2023/08/13 16:00,31.35,1003.29,남남서,2.01,,,,,,,,,,,,,,,,
441,2023/08/13 15:00,31.39,1003.54,남남서,2.44,,,,,,,,,,,,,,,,
442,2023/08/13 14:00,31.16,1004.05,남남동,2.37,,,,,,,,,,,,,,,,
443,2023/08/13 13:00,31,1004.34,남남서,2.22,,,,,,,,,,,,,,,,
444,2023/08/13 12:00,30.56,1004.42,남남서,1.32,,,,,,,,,,,,,,,,
445,2023/08/13 11:00,30.02,1004.64,남동,1.21,,,,,,,,,,,,,,,,
446,2023/08/13 10:00,28.54,1004.6,동,1.1,,,,,,,,,,,,,,,,
447,2023/08/13 09:00,26.67,1004.26,동,2.75,,,,,,,,,,,,,,,,
448,2023/08/13 08:00,25.75,1004.23,동,3.08,,,,,,,,,,,,,,,,
449,2023/08/13 07:00,25.37,1004,동,3.07,,,,,,,,,,,,,,,,
450,2023/08/13 06:00,25.47,1003.79,동,1.92,,,,,,,,,,,,,,,,
451,2023/08/13 05:00,25.77,1003.52,동,1.38,,,,,,,,,,,,,,,,
452,2023/08/13 04:00,25.78,1003.47,동,1.33,,,,,,,,,,,,,,,,
453,2023/08/13 03:00,25.81,1003.42,동남동,1.15,,,,,,,,,,,,,,,,
454,2023/08/13 02:00,26.07,1003.63,남동,1.17,,,,,,,,,,,,,,,,
455,2023/08/13 01:00,26.13,1003.98,남남동,0.44,,,,,,,,,,,,,,,,
456,2023/08/13 00:00,26.4,1004.29,남동,1.19,,,,,,,,,,,,,,,,
457,2023/08/12 23:00,26.67,1004.53,남동,1.11,,,,,,,,,,,,,,,,
458,2023/08/12 22:00,26.81,1004.4,서,0.54,,,,,,,,,,,,,,,,
459,2023/08/12 21:00,27.52,1004.2,서북서,0.67,,,,,,,,,,,,,,,,
460,2023/08/12 20:00,28.05,1003.54,서,1.47,,,,,,,,,,,,,,,,
461,2023/08/12 19:00,28.66,1003.27,서,2.33,,,,,,,,,,,,,,,,
462,2023/08/12 18:00,29.17,1003.15,서,2.84,,,,,,,,,,,,,,,,
463,2023/08/12 17:00,29.51,1003.1,서,3.44,,,,,,,,,,,,,,,,
464,2023/08/12 16:00,30.04,1002.99,서,3.35,,,,,,,,,,,,,,,,
465,2023/08/12 15:00,29.9,1003.16,서,2.77,,,,,,,,,,,,,,,,
466,2023/08/12 14:00,30,1003.53,서,2.44,,,,,,,,,,,,,,,,
467,2023/08/12 13:00,29.26,1003.88,서,1.74,,,,,,,,,,,,,,,,
468,2023/08/12 12:00,28.74,1004.1,서,2.22,,,,,,,,,,,,,,,,
469,2023/08/12 11:00,28.1,1004.34,서,0.74,,,,,,,,,,,,,,,,
470,2023/08/12 10:00,27.57,1004.37,동남동,0.31,,,,,,,,,,,,,,,,
471,2023/08/12 09:00,26.47,1004.22,동,1.05,,,,,,,,,,,,,,,,
472,2023/08/12 08:00,25.44,1004.08,동남동,1.49,,,,,,,,,,,,,,,,
473,2023/08/12 07:00,24.48,1003.95,동남동,1.57,,,,,,,,,,,,,,,,
474,2023/08/12 06:00,24.09,1003.61,동남동,0.84,,,,,,,,,,,,,,,,
475,2023/08/12 05:00,24.17,1003.35,동,0.72,,,,,,,,,,,,,,,,
476,2023/08/12 04:00,24.43,1003.13,북,0.36,,,,,,,,,,,,,,,,
477,2023/08/12 03:00,25.13,1003.26,서남서,2.23,,,,,,,,,,,,,,,,
478,2023/08/12 02:00,25.23,1003.29,서남서,1.87,,,,,,,,,,,,,,,,
479,2023/08/12 01:00,25.25,1003.46,서남서,1.81,,,,,,,,,,,,,,,,
480,2023/08/12 00:00,25.63,1003.5,서남서,1.67,,,,,,,,,,,,,,,,
481,2023/08/11 23:00,25.97,1003.26,서,2.15,,,,,,,,,,,,,,,,
482,2023/08/11 22:00,26.07,1003.01,서,2.14,,,,,,,,,,,,,,,,
483,2023/08/11 21:00,26.52,1002.65,서,2.52,,,,,,,,,,,,,,,,
484,2023/08/11 20:00,27,1001.85,서,3.01,,,,,,,,,,,,,,,,
485,2023/08/11 19:00,27.74,1001.24,서남서,2.16,,,,,,,,,,,,,,,,
486,2023/08/11 18:00,28.2,1000.89,서남서,1.64,,,,,,,,,,,,,,,,
487,2023/08/11 17:00,28.7,1000.77,서,3.01,,,,,,,,,,,,,,,,
488,2023/08/11 16:00,29.43,1000.56,서남서,3.17,,,,,,,,,,,,,,,,
489,2023/08/11 15:00,29.24,1000.56,서,2.53,,,,,,,,,,,,,,,,
490,2023/08/11 14:00,29.16,1001.09,서,4.52,,,,,,,,,,,,,,,,
491,2023/08/11 13:00,29.43,1001.21,서남서,4.16,,,,,,,,,,,,,,,,
492,2023/08/11 12:00,28.69,1001.56,서남서,3.81,,,,,,,,,,,,,,,,
493,2023/08/11 11:00,28.42,1002.04,서남서,3.03,,,,,,,,,,,,,,,,
494,2023/08/11 10:00,27.82,1002,서,3.15,,,,,,,,,,,,,,,,
495,2023/08/11 09:00,27.03,1001.85,남,2.28,,,,,,,,,,,,,,,,
496,2023/08/11 08:00,25.88,1001.53,남남동,2.71,,,,,,,,,,,,,,,,
497,2023/08/11 07:00,24.97,1001.4,남남동,1.58,,,,,,,,,,,,,,,,
498,2023/08/11 06:00,25.08,1001.03,남,1.48,,,,,,,,,,,,,,,,
499,2023/08/11 05:00,24.76,1000.82,남,1.54,,,,,,,,,,,,,,,,
500,2023/08/11 04:00,25.12,1000.58,남,2.13,,,,,,,,,,,,,,,,
501,2023/08/11 03:00,25.07,1000.24,남남서,1.17,,,,,,,,,,,,,,,,
502,2023/08/11 02:00,25.17,1000.07,남서,1.85,,,,,,,,,,,,,,,,
503,2023/08/11 01:00,25.54,999.86,남서,3.24,,,,,,,,,,,,,,,,
504,2023/08/11 00:00,25.93,1000.01,서남서,3.66,,,,,,,,,,,,,,,,
505,2023/08/10 23:00,25.37,999.89,남서,1.81,,,,,,,,,,,,,,,,
506,2023/08/10 22:00,25.1,999.56,서남서,3,,,,,,,,,,,,,,,,
507,2023/08/10 21:00,25.2,999.2,서,3.19,,,,,,,,,,,,,,,,
508,2023/08/10 20:00,25.26,998.78,서북서,3.13,,,,,,,,,,,,,,,,
509,2023/08/10 19:00,25.72,997.96,서북서,5.15,,,,,,,,,,,,,,,,
510,2023/08/10 18:00,26,997.38,서북서,6.59,,,,,,,,,,,,,,,,
511,2023/08/10 17:00,25.91,997.16,서북서,6.21,,,,,,,,,,,,,,,,
512,2023/08/10 16:00,26.02,996.58,서북서,6.46,,,,,,,,,,,,,,,,
513,2023/08/10 15:00,26.3,996.16,서북서,6.65,,,,,,,,,,,,,,,,
514,2023/08/10 14:00,26.57,995.8,서북서,5.29,,,,,,,,,,,,,,,,
515,2023/08/10 13:00,26.62,995.31,북서,4.45,,,,,,,,,,,,,,,,
516,2023/08/10 12:00,25.97,994.86,북서,4.9,,,,,,,,,,,,,,,,
517,2023/08/10 11:00,25.61,994.1,북서,7.21,,,,,,,,,,,,,,,,
518,2023/08/10 10:00,25.35,993.79,북북서,6.85,,,,,,,,,,,,,,,,
519,2023/08/10 09:00,24.73,993.2,북서,6.34,,,,,,,,,,,,,,,,
520,2023/08/10 08:00,24.71,993.37,북서,6,,,,,,,,,,,,,,,,
521,2023/08/10 07:00,24.71,993.38,북서,5.9,,,,,,,,,,,,,,,,
522,2023/08/10 06:00,24.91,993.36,북서,5.64,,,,,,,,,,,,,,,,
523,2023/08/10 05:00,24.99,993.56,북서,4.65,,,,,,,,,,,,,,,,
524,2023/08/10 04:00,25.17,994,북서,4.29,,,,,,,,,,,,,,,,
525,2023/08/10 03:00,25.63,994.58,북서,3.01,,,,,,,,,,,,,,,,
526,2023/08/10 02:00,25.86,994.98,북서,4.4,,,,,,,,,,,,,,,,
527,2023/08/10 01:00,26.18,995.88,북동,2.51,,,,,,,,,,,,,,,,
528,2023/08/10 00:00,26.8,996.84,서북서,2.49,,,,,,,,,,,,,,,,
529,2023/08/09 23:00,27.31,997.63,서북서,2.12,,,,,,,,,,,,,,,,
530,2023/08/09 22:00,27.37,998.03,북북동,1.95,,,,,,,,,,,,,,,,
531,2023/08/09 21:00,28.33,998.35,북북동,2.04,,,,,,,,,,,,,,,,
532,2023/08/09 20:00,28.59,998.15,북동,2.48,,,,,,,,,,,,,,,,
533,2023/08/09 19:00,28.99,998.22,북동,1.94,,,,,,,,,,,,,,,,
534,2023/08/09 18:00,29.12,998.09,북동,2.12,,,,,,,,,,,,,,,,
535,2023/08/09 17:00,29.37,998.26,북동,2.29,,,,,,,,,,,,,,,,
536,2023/08/09 16:00,29.98,998.6,북동,1.8,,,,,,,,,,,,,,,,
537,2023/08/09 15:00,29.73,998.89,동,2.2,,,,,,,,,,,,,,,,
538,2023/08/09 14:00,30.36,999.24,동,3.68,,,,,,,,,,,,,,,,
539,2023/08/09 13:00,30.78,999.39,동,2.88,,,,,,,,,,,,,,,,
540,2023/08/09 12:00,30.8,999.86,동,3.48,,,,,,,,,,,,,,,,
541,2023/08/09 11:00,30.37,1000.16,동,4.09,,,,,,,,,,,,,,,,
542,2023/08/09 10:00,29.74,1000.23,동,3.1,,,,,,,,,,,,,,,,
543,2023/08/09 09:00,29.56,1000.25,동,2.1,,,,,,,,,,,,,,,,
544,2023/08/09 08:00,29.02,1000.24,동,1.56,,,,,,,,,,,,,,,,
545,2023/08/09 07:00,28.13,1000.27,동북동,1.06,,,,,,,,,,,,,,,,
546,2023/08/09 06:00,27.95,1000.27,북북동,1.15,,,,,,,,,,,,,,,,
547,2023/08/09 05:00,27.64,999.96,북,1.14,,,,,,,,,,,,,,,,
548,2023/08/09 04:00,27.13,999.8,서북서,0.86,,,,,,,,,,,,,,,,
549,2023/08/09 03:00,27.26,999.9,서,1.37,,,,,,,,,,,,,,,,
550,2023/08/09 02:00,27.91,1000.22,동,1.48,,,,,,,,,,,,,,,,
551,2023/08/09 01:00,27.77,1000.63,동북동,0.59,,,,,,,,,,,,,,,,
552,2023/08/09 00:00,28.02,1000.72,동,0.98,,,,,,,,,,,,,,,,
553,2023/08/08 23:00,27.72,1000.72,동,2.41,,,,,,,,,,,,,,,,
554,2023/08/08 22:00,27.4,1000.83,동남동,2,,,,,,,,,,,,,,,,
555,2023/08/08 21:00,27.77,1000.94,동,2.1,,,,,,,,,,,,,,,,
556,2023/08/08 20:00,27.99,1000.7,동남동,1.28,,,,,,,,,,,,,,,,
557,2023/08/08 19:00,28.77,1000.67,북동,1.5,,,,,,,,,,,,,,,,
558,2023/08/08 18:00,28.49,1000.1,서북서,2.57,,,,,,,,,,,,,,,,
559,2023/08/08 17:00,31.28,999.89,서북서,2.71,,,,,,,,,,,,,,,,
560,2023/08/08 16:00,31.9,999.28,서북서,3.16,,,,,,,,,,,,,,,,
561,2023/08/08 15:00,31.32,999.26,서,3.55,,,,,,,,,,,,,,,,
562,2023/08/08 14:00,30.99,999.64,서북서,3.16,,,,,,,,,,,,,,,,
563,2023/08/08 13:00,31.54,999.98,서북서,2.72,,,,,,,,,,,,,,,,
564,2023/08/08 12:00,31.04,1000.21,서,2.55,,,,,,,,,,,,,,,,
565,2023/08/08 11:00,30.64,1000.47,동남동,2.99,,,,,,,,,,,,,,,,
566,2023/08/08 10:00,29.41,1000.69,동남동,2.75,,,,,,,,,,,,,,,,
567,2023/08/08 09:00,28.51,1000.79,동남동,1.73,,,,,,,,,,,,,,,,
568,2023/08/08 08:00,27.3,1000.7,동남동,2.96,,,,,,,,,,,,,,,,
569,2023/08/08 07:00,26.92,1000.5,동,2.71,,,,,,,,,,,,,,,,
570,2023/08/08 06:00,26.83,1000.23,동,1.1,,,,,,,,,,,,,,,,
571,2023/08/08 05:00,26.42,999.74,북서,0.67,,,,,,,,,,,,,,,,
572,2023/08/08 04:00,26.96,999.46,동,2.3,,,,,,,,,,,,,,,,
573,2023/08/08 03:00,27.15,999.46,동,2.16,,,,,,,,,,,,,,,,
574,2023/08/08 02:00,27.4,999.54,동,0.87,,,,,,,,,,,,,,,,
575,2023/08/08 01:00,27.42,999.54,북,0.34,,,,,,,,,,,,,,,,
576,2023/08/08 00:00,27.43,999.5,서북서,0.94,,,,,,,,,,,,,,,,
577,2023/08/07 23:00,27.96,999.5,동남동,1.12,,,,,,,,,,,,,,,,
578,2023/08/07 22:00,27.88,999.32,동,1.3,,,,,,,,,,,,,,,,
579,2023/08/07 21:00,27.86,998.96,동남동,2.6,,,,,,,,,,,,,,,,
580,2023/08/07 20:00,27.86,998.13,동남동,0.93,,,,,,,,,,,,,,,,
581,2023/08/07 19:00,28.44,997.87,동남동,1.95,,,,,,,,,,,,,,,,
582,2023/08/07 18:00,29.91,997.64,서북서,2.4,,,,,,,,,,,,,,,,
583,2023/08/07 17:00,29.51,998.14,서북서,1.41,,,,,,,,,,,,,,,,
584,2023/08/07 16:00,27.85,998.33,동남동,2.65,,,,,,,,,,,,,,,,
585,2023/08/07 15:00,30.29,997.5,서북서,4.24,,,,,,,,,,,,,,,,
586,2023/08/07 14:00,31.44,997.07,서북서,6.11,,,,,,,,,,,,,,,,
587,2023/08/07 13:00,29.87,997.76,서,4.08,,,,,,,,,,,,,,,,
588,2023/08/07 12:00,29.63,998.25,서북서,4.12,,,,,,,,,,,,,,,,
589,2023/08/07 11:00,30.05,998.69,서북서,3.44,,,,,,,,,,,,,,,,
590,2023/08/07 10:00,28.85,998.99,서북서,3.07,,,,,,,,,,,,,,,,
591,2023/08/07 09:00,27.46,999.13,서북서,2.8,,,,,,,,,,,,,,,,
592,2023/08/07 08:00,26.58,999.19,남서,0.75,,,,,,,,,,,,,,,,
593,2023/08/07 07:00,26.12,999.01,서북서,1.58,,,,,,,,,,,,,,,,
594,2023/08/07 06:00,25.98,998.65,서북서,1.32,,,,,,,,,,,,,,,,
595,2023/08/07 05:00,26.34,998.14,북서,0.77,,,,,,,,,,,,,,,,
596,2023/08/07 04:00,25.94,997.92,서북서,1.26,,,,,,,,,,,,,,,,
597,2023/08/07 03:00,26.07,997.94,서,0.85,,,,,,,,,,,,,,,,
598,2023/08/07 02:00,26.68,997.97,서북서,0.86,,,,,,,,,,,,,,,,
599,2023/08/07 01:00,27.02,997.94,북,0.94,,,,,,,,,,,,,,,,
600,2023/08/07 00:00,27.06,998.24,북서,2.26,,,,,,,,,,,,,,,,
601,2023/08/06 23:00,26.91,998.56,서,1.64,,,,,,,,,,,,,,,,
602,2023/08/06 22:00,27.11,998.5,서북서,2.35,,,,,,,,,,,,,,,,
603,2023/08/06 21:00,26.84,998.3,서북서,2.13,,,,,,,,,,,,,,,,
604,2023/08/06 20:00,27.07,997.83,서북서,1.9,,,,,,,,,,,,,,,,
605,2023/08/06 19:00,27.62,997.15,서북서,1.91,,,,,,,,,,,,,,,,
606,2023/08/06 18:00,29.15,996.59,북서,2.59,,,,,,,,,,,,,,,,
607,2023/08/06 17:00,31.25,995.87,서북서,2.76,,,,,,,,,,,,,,,,
608,2023/08/06 16:00,32.34,995.47,서북서,2.55,,,,,,,,,,,,,,,,
609,2023/08/06 15:00,32.57,995.68,서북서,3.31,,,,,,,,,,,,,,,,
610,2023/08/06 14:00,30.48,996.17,서북서,3.73,,,,,,,,,,,,,,,,
611,2023/08/06 13:00,29.53,996.91,서,3.54,,,,,,,,,,,,,,,,
612,2023/08/06 12:00,29.78,997.22,서,3.96,,,,,,,,,,,,,,,,
613,2023/08/06 11:00,29.99,997.66,서,3.41,,,,,,,,,,,,,,,,
614,2023/08/06 10:00,30.06,997.83,서북서,2.05,,,,,,,,,,,,,,,,
615,2023/08/06 09:00,29.51,998.03,북,0.78,,,,,,,,,,,,,,,,
616,2023/08/06 08:00,28.35,998.13,북동,0.97,,,,,,,,,,,,,,,,
617,2023/08/06 07:00,27.2,997.92,북북서,1.61,,,,,,,,,,,,,,,,
618,2023/08/06 06:00,27.05,997.65,북서,1,,,,,,,,,,,,,,,,
619,2023/08/06 05:00,27.06,997.68,북북동,0.9,,,,,,,,,,,,,,,,
620,2023/08/06 04:00,27.44,997.83,북북동,1.39,,,,,,,,,,,,,,,,
621,2023/08/06 03:00,28,997.94,북북서,2.13,,,,,,,,,,,,,,,,
622,2023/08/06 02:00,27.66,998.43,북북서,1.32,,,,,,,,,,,,,,,,
623,2023/08/06 01:00,28.01,998.5,북북서,3.23,,,,,,,,,,,,,,,,
624,2023/08/06 00:00,28.15,998.97,북서,2.49,,,,,,,,,,,,,,,,
625,2023/08/05 23:00,28.23,999.07,북,1.15,,,,,,,,,,,,,,,,
626,2023/08/05 22:00,28.52,999.1,서북서,0.86,,,,,,,,,,,,,,,,
627,2023/08/05 21:00,29.08,998.67,북북서,3.78,,,,,,,,,,,,,,,,
628,2023/08/05 20:00,29.14,998.5,북서,4.23,,,,,,,,,,,,,,,,
629,2023/08/05 19:00,30.04,998.14,북북서,4.12,,,,,,,,,,,,,,,,
630,2023/08/05 18:00,31.47,997.95,북서,3.15,,,,,,,,,,,,,,,,
631,2023/08/05 17:00,31.94,998.21,서북서,4.04,,,,,,,,,,,,,,,,
632,2023/08/05 16:00,32.01,998.42,서북서,5.29,,,,,,,,,,,,,,,,
633,2023/08/05 15:00,31.6,998.85,서북서,4.08,,,,,,,,,,,,,,,,
634,2023/08/05 14:00,30.73,999.08,서,3.27,,,,,,,,,,,,,,,,
635,2023/08/05 13:00,31.49,999.58,서,1.85,,,,,,,,,,,,,,,,
636,2023/08/05 12:00,31.24,1000.2,북,0.16,,,,,,,,,,,,,,,,
637,2023/08/05 11:00,31.59,1000.82,동남동,1,,,,,,,,,,,,,,,,
638,2023/08/05 10:00,29.68,1001.46,동남동,0.99,,,,,,,,,,,,,,,,
639,2023/08/05 09:00,28.38,1001.87,동남동,2.03,,,,,,,,,,,,,,,,
640,2023/08/05 08:00,27.45,1001.99,서,0.76,,,,,,,,,,,,,,,,
641,2023/08/05 07:00,26.67,1001.95,서,0.7,,,,,,,,,,,,,,,,
642,2023/08/05 06:00,25.96,1001.72,서,0.62,,,,,,,,,,,,,,,,
643,2023/08/05 05:00,26.11,1001.62,서북서,0.76,,,,,,,,,,,,,,,,
644,2023/08/05 04:00,26.18,1001.56,서,0.43,,,,,,,,,,,,,,,,
645,2023/08/05 03:00,25.84,1001.38,서,0.51,,,,,,,,,,,,,,,,
646,2023/08/05 02:00,26.23,1001.39,서,0.52,,,,,,,,,,,,,,,,
647,2023/08/05 01:00,26.52,1001.89,서,0.32,,,,,,,,,,,,,,,,
648,2023/08/05 00:00,27.18,1002.56,서북서,0.42,,,,,,,,,,,,,,,,
649,2023/08/04 23:00,27.83,1002.87,북,0.26,,,,,,,,,,,,,,,,
650,2023/08/04 22:00,28.57,1003.35,동남동,0.41,,,,,,,,,,,,,,,,
651,2023/08/04 21:00,29,1003.3,남동,0.98,,,,,,,,,,,,,,,,
652,2023/08/04 20:00,29.91,1003.05,남동,1.66,,,,,,,,,,,,,,,,
653,2023/08/04 19:00,30.98,1002.81,남동,2.27,,,,,,,,,,,,,,,,
654,2023/08/04 18:00,31.4,1002.63,남동,3.21,,,,,,,,,,,,,,,,
655,2023/08/04 17:00,31.56,1002.6,남동,4.1,,,,,,,,,,,,,,,,
656,2023/08/04 16:00,32.19,1002.6,남동,4,,,,,,,,,,,,,,,,
657,2023/08/04 15:00,32.17,1002.79,동남동,3.41,,,,,,,,,,,,,,,,
658,2023/08/04 14:00,32.01,1003.14,동남동,2.96,,,,,,,,,,,,,,,,
659,2023/08/04 13:00,31.6,1003.39,동,3.25,,,,,,,,,,,,,,,,
660,2023/08/04 12:00,31.02,1004.05,동남동,3.07,,,,,,,,,,,,,,,,
661,2023/08/04 11:00,30.35,1004.58,동남동,2.91,,,,,,,,,,,,,,,,
662,2023/08/04 10:00,30.23,1004.75,동,3.45,,,,,,,,,,,,,,,,
663,2023/08/04 09:00,29.42,1004.75,동,3.33,,,,,,,,,,,,,,,,
664,2023/08/04 08:00,27.56,1005.07,동,3.39,,,,,,,,,,,,,,,,
665,2023/08/04 07:00,27.46,1005.18,동,2.04,,,,,,,,,,,,,,,,
666,2023/08/04 06:00,27.02,1004.82,동,2.03,,,,,,,,,,,,,,,,
667,2023/08/04 05:00,27,1004.7,동,1.47,,,,,,,,,,,,,,,,
668,2023/08/04 04:00,27.07,1004.76,동,2.7,,,,,,,,,,,,,,,,
669,2023/08/04 03:00,27.43,1005.17,동,1.83,,,,,,,,,,,,,,,,
670,2023/08/04 02:00,27.72,1005.26,동,1.28,,,,,,,,,,,,,,,,
671,2023/08/04 01:00,28.1,1005.34,동,2.19,,,,,,,,,,,,,,,,
672,2023/08/04 00:00,28.36,1005.24,동,2.69,,,,,,,,,,,,,,,,
673,2023/08/03 23:00,29.21,1004.91,동,2.02,,,,,,,,,,,,,,,,
674,2023/08/03 22:00,29.25,1005.33,동남동,2.14,,,,,,,,,,,,,,,,
675,2023/08/03 21:00,29.4,1005.56,동남동,2.27,,,,,,,,,,,,,,,,
676,2023/08/03 20:00,30.16,1005.13,남동,2.85,,,,,,,,,,,,,,,,
677,2023/08/03 19:00,31.13,1004.65,남동,3.89,,,,,,,,,,,,,,,,
678,2023/08/03 18:00,32,1004.41,남동,4.38,,,,,,,,,,,,,,,,
679,2023/08/03 17:00,32.35,1004.34,남동,4.67,,,,,,,,,,,,,,,,
680,2023/08/03 16:00,32.62,1004.69,남동,4.78,,,,,,,,,,,,,,,,
681,2023/08/03 15:00,32.72,1004.86,남동,4.7,,,,,,,,,,,,,,,,
682,2023/08/03 14:00,32.59,1005.15,남동,2.76,,,,,,,,,,,,,,,,
683,2023/08/03 13:00,32.43,1005.53,남동,2.71,,,,,,,,,,,,,,,,
684,2023/08/03 12:00,32.06,1006.01,남동,2.51,,,,,,,,,,,,,,,,
685,2023/08/03 11:00,31.44,1006.36,남동,2.49,,,,,,,,,,,,,,,,
686,2023/08/03 10:00,30.97,1006.56,동,2.21,,,,,,,,,,,,,,,,
687,2023/08/03 09:00,28.94,1006.4,동,2.12,,,,,,,,,,,,,,,,
688,2023/08/03 08:00,27.47,1006.27,동남동,2.95,,,,,,,,,,,,,,,,
689,2023/08/03 07:00,27.22,1006.17,동남동,2.25,,,,,,,,,,,,,,,,
690,2023/08/03 06:00,26.66,1006.26,동,1.72,,,,,,,,,,,,,,,,
691,2023/08/03 05:00,25.55,1006.46,북,0.22,,,,,,,,,,,,,,,,
692,2023/08/03 04:00,25.22,1006.5,서,0.98,,,,,,,,,,,,,,,,
693,2023/08/03 03:00,25.78,1006.69,서북서,0.8,,,,,,,,,,,,,,,,
694,2023/08/03 02:00,25.96,1006.94,북,0.12,,,,,,,,,,,,,,,,
695,2023/08/03 01:00,26.26,1006.81,서,1.49,,,,,,,,,,,,,,,,
696,2023/08/03 00:00,27,1006.73,서,1.14,,,,,,,,,,,,,,,,
697,2023/08/02 23:00,28.2,1006.69,북서,1.38,,,,,,,,,,,,,,,,
698,2023/08/02 22:00,27.73,1006.69,서,1.53,,,,,,,,,,,,,,,,
699,2023/08/02 21:00,28.39,1006.46,서,1.53,,,,,,,,,,,,,,,,
700,2023/08/02 20:00,29.03,1006.24,서북서,1.63,,,,,,,,,,,,,,,,
701,2023/08/02 19:00,30.17,1005.9,서북서,2.16,,,,,,,,,,,,,,,,
702,2023/08/02 18:00,30.95,1005.73,서북서,2.88,,,,,,,,,,,,,,,,
703,2023/08/02 17:00,31.57,1005.91,서북서,3.27,,,,,,,,,,,,,,,,
704,2023/08/02 16:00,31.57,1006.3,서북서,3.41,,,,,,,,,,,,,,,,
705,2023/08/02 15:00,31.8,1006.63,서북서,3.59,,,,,,,,,,,,,,,,
706,2023/08/02 14:00,30.8,1007.01,서,3.86,,,,,,,,,,,,,,,,
707,2023/08/02 13:00,31.3,1007.79,서북서,2.81,,,,,,,,,,,,,,,,
708,2023/08/02 12:00,30.22,1008.39,서,2.85,,,,,,,,,,,,,,,,
709,2023/08/02 11:00,29.78,1008.6,서,1.86,,,,,,,,,,,,,,,,
710,2023/08/02 10:00,29.65,1008.9,동남동,1.25,,,,,,,,,,,,,,,,
711,2023/08/02 09:00,28.78,1009.14,동남동,0.93,,,,,,,,,,,,,,,,
712,2023/08/02 08:00,27.15,1008.93,서,0.76,,,,,,,,,,,,,,,,
713,2023/08/02 07:00,27.04,1008.66,동,0.61,,,,,,,,,,,,,,,,
714,2023/08/02 06:00,25.72,1008.81,북,0.36,,,,,,,,,,,,,,,,
715,2023/08/02 05:00,25.39,1008.79,서,0.35,,,,,,,,,,,,,,,,
716,2023/08/02 04:00,25.29,1009.01,북,0.14,,,,,,,,,,,,,,,,
717,2023/08/02 03:00,25.63,1008.99,서,0.98,,,,,,,,,,,,,,,,
718,2023/08/02 02:00,26.14,1009.1,서,0.74,,,,,,,,,,,,,,,,
719,2023/08/02 01:00,26.5,1009.45,북,0.21,,,,,,,,,,,,,,,,
720,2023/08/02 00:00,27.14,1009.69,북,0.13,,,,,,,,,,,,,,,,
721,2023/08/01 23:00,27.06,1009.75,북,0.32,,,,,,,,,,,,,,,,
722,2023/08/01 22:00,27.13,1009.46,서북서,1.41,,,,,,,,,,,,,,,,
723,2023/08/01 21:00,27.56,1009.4,서북서,1.72,,,,,,,,,,,,,,,,
724,2023/08/01 20:00,28,1009,서북서,2.5,,,,,,,,,,,,,,,,
725,2023/08/01 19:00,28.98,1008.65,서북서,2.72,,,,,,,,,,,,,,,,
726,2023/08/01 18:00,29.81,1008.52,서북서,3.21,,,,,,,,,,,,,,,,
727,2023/08/01 17:00,30.73,1008.47,서북서,3.61,,,,,,,,,,,,,,,,
728,2023/08/01 16:00,31.87,1008.48,서북서,2.76,,,,,,,,,,,,,,,,
729,2023/08/01 15:00,32.91,1008.69,북,0.97,,,,,,,,,,,,,,,,
730,2023/08/01 14:00,32.39,1009.29,북,0.56,,,,,,,,,,,,,,,,
731,2023/08/01 13:00,32.25,1009.73,동남동,2.02,,,,,,,,,,,,,,,,
732,2023/08/01 12:00,31.93,1010.06,동,2.96,,,,,,,,,,,,,,,,
733,2023/08/01 11:00,30.5,1010.63,동,3.11,,,,,,,,,,,,,,,,
734,2023/08/01 10:00,29.96,1010.9,동,3.26,,,,,,,,,,,,,,,,
735,2023/08/01 09:00,28.14,1011.12,동남동,2.79,,,,,,,,,,,,,,,,
736,2023/08/01 08:00,27.15,1011.18,동,2.47,,,,,,,,,,,,,,,,
737,2023/08/01 07:00,26.66,1010.76,동,2.76,,,,,,,,,,,,,,,,
738,2023/08/01 06:00,26.62,1010.56,동,1.41,,,,,,,,,,,,,,,,
739,2023/08/01 05:00,26.29,1010.29,동,0.61,,,,,,,,,,,,,,,,
740,2023/08/01 04:00,25.84,1010.46,북,0.21,,,,,,,,,,,,,,,,
741,2023/08/01 03:00,25.95,1010.74,서,0.66,,,,,,,,,,,,,,,,
742,2023/08/01 02:00,26.35,1010.88,서북서,0.97,,,,,,,,,,,,,,,,
743,2023/08/01 01:00,26.59,1011.03,북서,1.07,,,,,,,,,,,,,,,,
744,2023/08/01 00:00,26.95,1011.1,서북서,1.22,,,,,,,,,,,,,,,,
